{
	"id": "44888c47-6b48-4d5f-9f66-32c7b520953c",
	"name": "Together1 API - LOCALHOST",
	"values": [
		{
			"key": "url-prefix",
			"value": "http://localhost:4000",
			"enabled": true
		},
		{
			"key": "token",
			"value": "",
			"enabled": true
		},
		{
			"key": "sid",
			"value": "",
			"enabled": true
		},
		{
			"key": "class1Id",
			"value": "",
			"enabled": true
		},
		{
			"key": "auth0_domain",
			"value": "login.dev.tsh.care",
			"enabled": true
		},
		{
			"key": "auth0_client_id",
			"value": "OLRowKsb1Dkgzq1jInuKlBWamHBXChGI",
			"enabled": true
		},
		{
			"key": "auth0_client_secret",
			"value": "",
			"enabled": true
		},
		{
			"key": "together1_api_audience",
			"value": "https://mt1-api.dev.tsh.care",
			"enabled": true
		},
		{
			"key": "class1Acronym",
			"value": "PREFLIGHT1G1",
			"enabled": true
		},
		{
			"key": "session1Acronym",
			"value": "PREFLT1G1-200903",
			"enabled": true
		},
		{
			"key": "ticket",
			"value": "",
			"enabled": true
		},
		{
			"key": "preflightClass",
			"value": "PREFLT1G1",
			"enabled": true
		},
		{
			"key": "user1Id",
			"value": "auth0|5f1f7dd331a1220037f98ecd",
			"enabled": true
		},
		{
			"key": "user1",
			"value": "instructor1",
			"enabled": true
		},
		{
			"key": "t1",
			"value": "2020-10-05T19:44:59.000Z",
			"enabled": true
		},
		{
			"key": "t2",
			"value": "2020-10-05T21:15:01.000Z",
			"enabled": true
		},
		{
			"key": "t3",
			"value": "2020-12-23T22:15:01.000Z",
			"enabled": true
		},
		{
			"key": "topen",
			"value": "2020-10-05T20:00:01.000Z",
			"enabled": true
		},
		{
			"key": "user2",
			"value": "instructor4",
			"enabled": true
		},
		{
			"key": "user2Id",
			"value": "auth0|5f2b021a32cea3022114691a",
			"enabled": true
		},
		{
			"key": "session2Acronym",
			"value": "MTSITG1-201007",
			"enabled": true
		},
		{
			"key": "twarp",
			"value": "",
			"enabled": true
		},
		{
			"key": "rec-session",
			"value": "",
			"enabled": true
		},
		{
			"key": "prospect1Id",
			"value": "5fb560497246166b566db93f",
			"enabled": true
		},
		{
			"key": "course1Id",
			"value": "5f595a71169cb4661dff6efa",
			"enabled": true
		},
		{
			"key": "course1Acronym",
			"value": "CT1",
			"enabled": true
		},
		{
			"key": "adhocSession1",
			"value": "AHTESTSESSION10",
			"enabled": true
		},
		{
			"key": "adhoc-acronym",
			"value": "",
			"enabled": true
		},
		{
			"key": "adhoc-instructor",
			"value": "",
			"enabled": true
		},
		{
			"key": "adhocSession1Id",
			"value": "5fb4100abda58cf66245d77e",
			"enabled": true
		},
		{
			"key": "prospect1UserId",
			"value": "TSH-Admin|5fbc44c8f8d307a765b43771",
			"enabled": true
		},
		{
			"key": "prospectUserId1",
			"value": "",
			"enabled": true
		},
		{
			"key": "user1Password",
			"value": "",
			"enabled": true
		}
	],
	"_postman_variable_scope": "environment",
	"_postman_exported_at": "2021-10-14T21:10:08.230Z",
	"_postman_exported_using": "Postman/8.6.0-canary210608-1405"
}